,lat,lon,pttid,time
0,24.4856,137.764,300234063948880,2018-09-20 01:00:00
1,24.4849,137.772,300234063948880,2018-09-20 02:00:00
2,24.4851,137.778,300234063948880,2018-09-20 03:00:00
3,24.4853,137.782,300234063948880,2018-09-20 04:00:00
4,24.4854,137.784,300234063948880,2018-09-20 05:00:00
5,24.4835,137.786,300234063948880,2018-09-20 06:00:00
6,24.4799,137.793,300234063948880,2018-09-20 07:00:00
7,24.4779,137.806,300234063948880,2018-09-20 08:00:00
8,24.4802,137.82,300234063948880,2018-09-20 09:00:00
9,24.4789,137.837,300234063948880,2018-09-20 10:00:00
10,24.4739,137.852,300234063948880,2018-09-20 11:00:00
11,24.4701,137.865,300234063948880,2018-09-20 12:00:00
12,24.4661,137.877,300234063948880,2018-09-20 13:00:00
13,24.4656,137.887,300234063948880,2018-09-20 14:00:00
14,24.463,137.898,300234063948880,2018-09-20 15:00:00
15,24.4565,137.907,300234063948880,2018-09-20 16:00:00
16,24.4496,137.914,300234063948880,2018-09-20 17:00:00
17,24.4453,137.922,300234063948880,2018-09-20 18:00:00
18,24.4409,137.933,300234063948880,2018-09-20 19:00:00
19,24.4368,137.943,300234063948880,2018-09-20 20:00:00
20,24.4339,137.954,300234063948880,2018-09-20 21:00:00
21,24.4325,137.962,300234063948880,2018-09-20 22:00:00
22,24.4332,137.971,300234063948880,2018-09-20 23:00:00
23,24.4345,137.983,300234063948880,2018-09-21 00:00:00
24,24.4324,137.993,300234063948880,2018-09-21 01:00:00
25,24.4315,138.003,300234063948880,2018-09-21 02:00:00
26,24.4301,138.012,300234063948880,2018-09-21 03:00:00
27,24.4296,138.023,300234063948880,2018-09-21 04:00:00
28,24.4292,138.035,300234063948880,2018-09-21 05:00:00
29,24.4299,138.044,300234063948880,2018-09-21 06:00:00
30,24.4318,138.053,300234063948880,2018-09-21 07:01:00
31,24.4308,138.066,300234063948880,2018-09-21 08:02:00
32,24.4308,138.076,300234063948880,2018-09-21 09:00:00
33,24.4322,138.088,300234063948880,2018-09-21 10:00:00
34,24.4359,138.101,300234063948880,2018-09-21 11:00:00
35,24.4378,138.117,300234063948880,2018-09-21 12:00:00
36,24.438,138.131,300234063948880,2018-09-21 13:00:00
37,24.4373,138.148,300234063948880,2018-09-21 14:00:00
38,24.4293,138.165,300234063948880,2018-09-21 15:00:00
39,24.4213,138.179,300234063948880,2018-09-21 16:00:00
40,24.4139,138.189,300234063948880,2018-09-21 17:00:00
41,24.4066,138.197,300234063948880,2018-09-21 18:02:00
42,24.4052,138.205,300234063948880,2018-09-21 19:00:00
43,24.406,138.215,300234063948880,2018-09-21 20:00:00
44,24.4076,138.224,300234063948880,2018-09-21 21:00:00
45,24.4102,138.238,300234063948880,2018-09-21 22:00:00
46,24.4102,138.249,300234063948880,2018-09-21 23:01:00
47,24.4082,138.261,300234063948880,2018-09-22 00:01:00
48,24.4079,138.268,300234063948880,2018-09-22 01:00:00
49,24.4078,138.273,300234063948880,2018-09-22 02:01:00
50,24.4117,138.281,300234063948880,2018-09-22 03:00:00
51,24.421,138.289,300234063948880,2018-09-22 04:00:00
52,24.4275,138.297,300234063948880,2018-09-22 05:00:00
53,24.4296,138.317,300234063948880,2018-09-22 06:04:00
54,24.4274,138.333,300234063948880,2018-09-22 07:04:00
55,24.4285,138.348,300234063948880,2018-09-22 08:01:00
56,24.4287,138.365,300234063948880,2018-09-22 09:00:00
57,24.4292,138.382,300234063948880,2018-09-22 10:00:00
58,24.4287,138.393,300234063948880,2018-09-22 11:00:00
59,,,,2018-09-22 12:00:00
60,24.4264,138.411,300234063948880,2018-09-22 13:00:00
61,24.4271,138.419,300234063948880,2018-09-22 14:00:00
62,24.4291,138.426,300234063948880,2018-09-22 15:00:00
63,24.4329,138.436,300234063948880,2018-09-22 16:00:00
64,24.4356,138.445,300234063948880,2018-09-22 17:02:00
65,24.4412,138.457,300234063948880,2018-09-22 18:04:00
66,24.4448,138.471,300234063948880,2018-09-22 19:00:00
67,24.4489,138.488,300234063948880,2018-09-22 20:00:00
68,24.455,138.502,300234063948880,2018-09-22 21:00:00
69,24.4563,138.519,300234063948880,2018-09-22 22:01:00
70,24.4581,138.527,300234063948880,2018-09-22 23:01:00
71,24.4585,138.536,300234063948880,2018-09-23 00:00:00
72,24.4577,138.544,300234063948880,2018-09-23 01:00:00
73,24.4591,138.556,300234063948880,2018-09-23 02:04:00
74,24.4619,138.56,300234063948880,2018-09-23 03:00:00
75,24.465,138.572,300234063948880,2018-09-23 04:00:00
76,24.4712,138.584,300234063948880,2018-09-23 05:01:00
77,24.477,138.596,300234063948880,2018-09-23 06:00:00
78,24.4827,138.607,300234063948880,2018-09-23 07:00:00
79,24.4865,138.614,300234063948880,2018-09-23 08:00:00
80,24.4918,138.623,300234063948880,2018-09-23 09:00:00
81,24.4968,138.638,300234063948880,2018-09-23 10:00:00
82,24.498,138.647,300234063948880,2018-09-23 11:00:00
83,24.4986,138.656,300234063948880,2018-09-23 12:00:00
84,24.4984,138.665,300234063948880,2018-09-23 13:00:00
85,24.5027,138.675,300234063948880,2018-09-23 14:00:00
86,24.5069,138.682,300234063948880,2018-09-23 15:00:00
87,24.5129,138.687,300234063948880,2018-09-23 16:00:00
88,24.5193,138.695,300234063948880,2018-09-23 17:00:00
89,24.5231,138.703,300234063948880,2018-09-23 18:03:00
90,24.5287,138.708,300234063948880,2018-09-23 19:00:00
91,24.5349,138.714,300234063948880,2018-09-23 20:00:00
92,24.5415,138.719,300234063948880,2018-09-23 21:00:00
93,24.5462,138.725,300234063948880,2018-09-23 22:00:00
94,24.5495,138.729,300234063948880,2018-09-23 23:00:00
95,24.5585,138.735,300234063948880,2018-09-24 00:00:00
96,24.5675,138.74,300234063948880,2018-09-24 01:00:00
97,24.5784,138.747,300234063948880,2018-09-24 02:00:00
98,24.5894,138.756,300234063948880,2018-09-24 03:00:00
99,24.6027,138.768,300234063948880,2018-09-24 04:00:00
100,24.6182,138.782,300234063948880,2018-09-24 05:00:00
101,24.6309,138.794,300234063948880,2018-09-24 06:00:00
102,24.641,138.812,300234063948880,2018-09-24 07:00:00
103,24.6478,138.831,300234063948880,2018-09-24 08:00:00
104,24.6515,138.85,300234063948880,2018-09-24 09:00:00
105,24.6491,138.866,300234063948880,2018-09-24 10:00:00
106,24.6444,138.879,300234063948880,2018-09-24 11:00:00
107,24.6399,138.889,300234063948880,2018-09-24 12:00:00
108,24.6372,138.899,300234063948880,2018-09-24 13:00:00
109,24.6346,138.907,300234063948880,2018-09-24 14:00:00
110,24.6304,138.916,300234063948880,2018-09-24 15:02:00
111,24.6264,138.922,300234063948880,2018-09-24 16:00:00
112,24.622,138.92,300234063948880,2018-09-24 17:00:00
113,24.6188,138.915,300234063948880,2018-09-24 18:02:00
114,24.6182,138.909,300234063948880,2018-09-24 19:00:00
115,24.622,138.903,300234063948880,2018-09-24 20:00:00
116,24.6255,138.896,300234063948880,2018-09-24 21:00:00
117,24.6308,138.889,300234063948880,2018-09-24 22:00:00
118,24.641,138.883,300234063948880,2018-09-24 23:00:00
119,24.6555,138.882,300234063948880,2018-09-25 00:02:00
120,24.6699,138.882,300234063948880,2018-09-25 01:00:00
121,24.6905,138.892,300234063948880,2018-09-25 02:01:00
122,24.7049,138.895,300234063948880,2018-09-25 03:00:00
123,24.7249,138.903,300234063948880,2018-09-25 04:00:00
124,24.7449,138.917,300234063948880,2018-09-25 05:04:00
125,24.7559,138.933,300234063948880,2018-09-25 06:00:00
126,24.7636,138.953,300234063948880,2018-09-25 07:00:00
127,24.7665,138.972,300234063948880,2018-09-25 08:00:00
128,24.7663,138.988,300234063948880,2018-09-25 09:00:00
129,24.7632,139.002,300234063948880,2018-09-25 10:00:00
130,24.7576,139.009,300234063948880,2018-09-25 11:00:00
131,24.7512,139.014,300234063948880,2018-09-25 12:02:00
132,24.7456,139.015,300234063948880,2018-09-25 13:00:00
133,24.7447,139.011,300234063948880,2018-09-25 14:00:00
134,24.7461,139.009,300234063948880,2018-09-25 15:00:00
135,24.7496,139.007,300234063948880,2018-09-25 16:00:00
136,24.753,139.007,300234063948880,2018-09-25 17:00:00
137,24.7568,139.007,300234063948880,2018-09-25 18:00:00
138,24.7589,139.007,300234063948880,2018-09-25 19:00:00
139,24.7605,139.005,300234063948880,2018-09-25 20:00:00
140,24.7634,138.998,300234063948880,2018-09-25 21:00:00
141,24.7699,138.991,300234063948880,2018-09-25 22:00:00
142,24.7778,138.983,300234063948880,2018-09-25 23:00:00
143,24.7855,138.977,300234063948880,2018-09-26 00:01:00
144,24.7935,138.972,300234063948880,2018-09-26 01:00:00
145,24.8083,138.97,300234063948880,2018-09-26 02:01:00
146,24.8266,138.974,300234063948880,2018-09-26 03:00:00
147,24.8405,138.978,300234063948880,2018-09-26 04:01:00
148,24.8542,138.982,300234063948880,2018-09-26 05:01:00
149,24.8651,138.989,300234063948880,2018-09-26 06:00:00
150,24.8743,138.994,300234063948880,2018-09-26 07:00:00
151,24.8827,138.995,300234063948880,2018-09-26 08:01:00
152,24.8884,139.001,300234063948880,2018-09-26 09:00:00
153,24.8958,139.007,300234063948880,2018-09-26 10:00:00
154,24.9012,139.014,300234063948880,2018-09-26 11:00:00
155,24.9062,139.018,300234063948880,2018-09-26 12:00:00
156,24.9112,139.024,300234063948880,2018-09-26 13:00:00
157,24.9144,139.031,300234063948880,2018-09-26 14:00:00
158,24.9184,139.035,300234063948880,2018-09-26 15:01:00
159,24.9238,139.038,300234063948880,2018-09-26 16:00:00
160,24.928,139.043,300234063948880,2018-09-26 17:00:00
161,24.9348,139.043,300234063948880,2018-09-26 18:00:00
162,24.9382,139.043,300234063948880,2018-09-26 19:00:00
163,24.9461,139.044,300234063948880,2018-09-26 20:00:00
164,24.9508,139.041,300234063948880,2018-09-26 21:00:00
165,24.9524,139.035,300234063948880,2018-09-26 22:01:00
166,24.9598,139.029,300234063948880,2018-09-26 23:00:00
167,24.9647,139.025,300234063948880,2018-09-27 00:02:00
168,24.9686,139.02,300234063948880,2018-09-27 01:00:00
169,24.974,139.014,300234063948880,2018-09-27 02:01:00
170,24.9842,139.012,300234063948880,2018-09-27 03:00:00
171,24.9943,139.01,300234063948880,2018-09-27 04:00:00
172,25.0066,139.006,300234063948880,2018-09-27 05:00:00
173,25.0203,139.003,300234063948880,2018-09-27 06:00:00
174,25.034,139.001,300234063948880,2018-09-27 07:00:00
175,25.0494,139.004,300234063948880,2018-09-27 08:00:00
176,25.064,139.004,300234063948880,2018-09-27 09:00:00
177,25.0764,139.003,300234063948880,2018-09-27 10:00:00
178,25.0888,139.005,300234063948880,2018-09-27 11:00:00
179,25.0972,139.007,300234063948880,2018-09-27 12:00:00
180,25.1077,139.01,300234063948880,2018-09-27 13:00:00
181,25.1194,139.018,300234063948880,2018-09-27 14:00:00
182,25.1264,139.024,300234063948880,2018-09-27 15:00:00
183,25.1331,139.028,300234063948880,2018-09-27 16:00:00
184,25.1361,139.029,300234063948880,2018-09-27 17:00:00
185,25.1391,139.026,300234063948880,2018-09-27 18:04:00
186,25.143,139.022,300234063948880,2018-09-27 19:01:00
187,25.1473,139.014,300234063948880,2018-09-27 20:00:00
188,25.1541,139.003,300234063948880,2018-09-27 21:00:00
189,25.1627,138.992,300234063948880,2018-09-27 22:01:00
190,25.171,138.98,300234063948880,2018-09-27 23:00:00
191,25.1838,138.972,300234063948880,2018-09-28 00:00:00
192,25.1982,138.965,300234063948880,2018-09-28 01:03:00
193,25.2139,138.964,300234063948880,2018-09-28 02:00:00
194,25.226,138.964,300234063948880,2018-09-28 03:00:00
195,25.2399,138.964,300234063948880,2018-09-28 04:00:00
196,25.2524,138.963,300234063948880,2018-09-28 05:00:00
197,25.268,138.96,300234063948880,2018-09-28 06:00:00
198,25.2859,138.96,300234063948880,2018-09-28 07:00:00
199,25.3012,138.96,300234063948880,2018-09-28 08:00:00
200,25.3118,138.961,300234063948880,2018-09-28 09:00:00
201,25.3188,138.96,300234063948880,2018-09-28 10:00:00
202,25.3263,138.961,300234063948880,2018-09-28 11:00:00
203,25.3299,138.964,300234063948880,2018-09-28 12:00:00
204,25.3289,138.964,300234063948880,2018-09-28 13:02:00
205,25.3292,138.961,300234063948880,2018-09-28 14:00:00
206,25.3321,138.954,300234063948880,2018-09-28 15:00:00
207,25.3422,138.947,300234063948880,2018-09-28 16:00:00
208,25.353,138.935,300234063948880,2018-09-28 17:00:00
209,25.3681,138.925,300234063948880,2018-09-28 18:02:00
210,25.3786,138.917,300234063948880,2018-09-28 19:00:00
211,25.3924,138.908,300234063948880,2018-09-28 20:00:00
212,25.4031,138.893,300234063948880,2018-09-28 21:00:00
213,25.4132,138.88,300234063948880,2018-09-28 22:00:00
214,25.4259,138.869,300234063948880,2018-09-28 23:00:00
215,25.4429,138.86,300234063948880,2018-09-29 00:00:00
216,25.458,138.859,300234063948880,2018-09-29 01:02:00
217,25.4693,138.859,300234063948880,2018-09-29 02:00:00
218,25.4801,138.859,300234063948880,2018-09-29 03:00:00
219,25.4906,138.859,300234063948880,2018-09-29 04:00:00
220,25.4976,138.855,300234063948880,2018-09-29 05:01:00
221,25.5055,138.848,300234063948880,2018-09-29 06:00:00
222,25.5141,138.84,300234063948880,2018-09-29 07:00:00
223,25.5241,138.834,300234063948880,2018-09-29 08:00:00
224,25.5349,138.831,300234063948880,2018-09-29 09:00:00
225,25.5461,138.825,300234063948880,2018-09-29 10:00:00
226,25.558,138.815,300234063948880,2018-09-29 11:00:00
227,25.5712,138.808,300234063948880,2018-09-29 12:01:00
228,25.5807,138.803,300234063948880,2018-09-29 13:00:00
229,25.5855,138.798,300234063948880,2018-09-29 14:00:00
230,25.5936,138.794,300234063948880,2018-09-29 15:01:00
231,25.6006,138.79,300234063948880,2018-09-29 16:02:00
232,25.6042,138.782,300234063948880,2018-09-29 17:00:00
233,25.6096,138.772,300234063948880,2018-09-29 18:00:00
234,25.6141,138.76,300234063948880,2018-09-29 19:00:00
235,25.6201,138.751,300234063948880,2018-09-29 20:00:00
236,25.6274,138.743,300234063948880,2018-09-29 21:00:00
237,25.6326,138.733,300234063948880,2018-09-29 22:00:00
238,25.6382,138.72,300234063948880,2018-09-29 23:00:00
239,25.6499,138.707,300234063948880,2018-09-30 00:03:00
240,25.6624,138.691,300234063948880,2018-09-30 01:00:00
241,25.6752,138.67,300234063948880,2018-09-30 02:03:00
242,25.689,138.653,300234063948880,2018-09-30 03:00:00
243,25.7054,138.642,300234063948880,2018-09-30 04:01:00
244,25.7213,138.639,300234063948880,2018-09-30 05:03:00
245,25.7352,138.635,300234063948880,2018-09-30 06:02:00
246,25.7498,138.631,300234063948880,2018-09-30 07:00:00
247,25.7626,138.631,300234063948880,2018-09-30 08:00:00
248,25.7755,138.63,300234063948880,2018-09-30 09:02:00
249,25.7845,138.634,300234063948880,2018-09-30 10:00:00
250,25.7877,138.632,300234063948880,2018-09-30 11:00:00
251,25.7865,138.629,300234063948880,2018-09-30 12:01:00
252,25.7809,138.624,300234063948880,2018-09-30 13:00:00
253,25.7728,138.611,300234063948880,2018-09-30 14:02:00
254,25.768,138.6,300234063948880,2018-09-30 15:00:00
255,25.7648,138.582,300234063948880,2018-09-30 16:03:00
256,25.7652,138.57,300234063948880,2018-09-30 17:00:00
257,25.7659,138.552,300234063948880,2018-09-30 18:00:00
258,25.7678,138.534,300234063948880,2018-09-30 19:00:00
259,25.7722,138.511,300234063948880,2018-09-30 20:02:00
260,25.7787,138.491,300234063948880,2018-09-30 21:02:00
261,25.7838,138.471,300234063948880,2018-09-30 22:00:00
262,25.7925,138.452,300234063948880,2018-09-30 23:00:00
263,25.8019,138.433,300234063948880,2018-10-01 00:01:00
264,25.811,138.413,300234063948880,2018-10-01 01:00:00
265,25.8217,138.387,300234063948880,2018-10-01 02:00:00
266,25.8365,138.361,300234063948880,2018-10-01 03:04:00
267,-90.0,-180.0,300234063948880,2018-10-01 04:04:00
268,25.8614,138.327,300234063948880,2018-10-01 05:00:00
269,-90.0,-180.0,300234063948880,2018-10-01 06:04:00
270,25.883,138.311,300234063948880,2018-10-01 07:01:00
271,25.8915,138.307,300234063948880,2018-10-01 08:01:00
272,25.8968,138.302,300234063948880,2018-10-01 09:00:00
273,25.902,138.296,300234063948880,2018-10-01 10:00:00
274,25.9046,138.286,300234063948880,2018-10-01 11:01:00
275,25.9056,138.268,300234063948880,2018-10-01 12:00:00
276,25.906,138.249,300234063948880,2018-10-01 13:00:00
277,25.9043,138.231,300234063948880,2018-10-01 14:02:00
278,25.9053,138.216,300234063948880,2018-10-01 15:00:00
279,25.9069,138.198,300234063948880,2018-10-01 16:01:00
280,25.9061,138.176,300234063948880,2018-10-01 17:00:00
281,25.9063,138.156,300234063948880,2018-10-01 18:04:00
282,25.9046,138.134,300234063948880,2018-10-01 19:00:00
283,25.9052,138.112,300234063948880,2018-10-01 20:00:00
284,25.9096,138.09,300234063948880,2018-10-01 21:00:00
285,25.9141,138.067,300234063948880,2018-10-01 22:00:00
286,25.9171,138.046,300234063948880,2018-10-01 23:00:00
287,25.9224,138.029,300234063948880,2018-10-02 00:00:00
288,25.9266,138.013,300234063948880,2018-10-02 01:02:00
289,25.9314,137.998,300234063948880,2018-10-02 02:00:00
290,25.9362,137.978,300234063948880,2018-10-02 03:00:00
291,25.9401,137.952,300234063948880,2018-10-02 04:00:00
292,25.9461,137.927,300234063948880,2018-10-02 05:00:00
293,25.9499,137.904,300234063948880,2018-10-02 06:00:00
294,25.9582,137.888,300234063948880,2018-10-02 07:00:00
295,25.964,137.871,300234063948880,2018-10-02 08:00:00
296,25.9698,137.854,300234063948880,2018-10-02 09:04:00
297,25.9706,137.838,300234063948880,2018-10-02 10:00:00
298,25.9696,137.815,300234063948880,2018-10-02 11:04:00
299,25.9708,137.796,300234063948880,2018-10-02 12:02:00
300,25.9749,137.779,300234063948880,2018-10-02 13:00:00
301,25.9792,137.764,300234063948880,2018-10-02 14:01:00
302,25.9806,137.753,300234063948880,2018-10-02 15:00:00
303,25.982,137.743,300234063948880,2018-10-02 16:00:00
304,25.9845,137.732,300234063948880,2018-10-02 17:00:00
305,25.9852,137.72,300234063948880,2018-10-02 18:02:00
306,25.9836,137.705,300234063948880,2018-10-02 19:00:00
307,25.9775,137.689,300234063948880,2018-10-02 20:00:00
308,25.9698,137.667,300234063948880,2018-10-02 21:00:00
309,25.9675,137.647,300234063948880,2018-10-02 22:00:00
310,25.9699,137.628,300234063948880,2018-10-02 23:00:00
311,25.97,137.611,300234063948880,2018-10-03 00:00:00
312,25.9677,137.593,300234063948880,2018-10-03 01:00:00
313,25.9662,137.576,300234063948880,2018-10-03 02:00:00
314,25.9627,137.556,300234063948880,2018-10-03 03:00:00
315,25.9607,137.536,300234063948880,2018-10-03 04:00:00
316,25.9592,137.515,300234063948880,2018-10-03 05:00:00
317,25.9571,137.492,300234063948880,2018-10-03 06:00:00
318,25.9565,137.473,300234063948880,2018-10-03 07:00:00
319,25.9547,137.456,300234063948880,2018-10-03 08:00:00
320,25.9522,137.442,300234063948880,2018-10-03 09:00:00
321,25.9507,137.424,300234063948880,2018-10-03 10:00:00
322,25.9501,137.409,300234063948880,2018-10-03 11:00:00
323,25.9483,137.395,300234063948880,2018-10-03 12:00:00
324,25.9451,137.384,300234063948880,2018-10-03 13:00:00
325,25.9407,137.371,300234063948880,2018-10-03 14:01:00
326,25.9376,137.36,300234063948880,2018-10-03 15:00:00
327,25.9337,137.351,300234063948880,2018-10-03 16:00:00
328,25.9295,137.34,300234063948880,2018-10-03 17:00:00
329,25.924,137.327,300234063948880,2018-10-03 18:00:00
330,25.9156,137.315,300234063948880,2018-10-03 19:00:00
331,25.9041,137.304,300234063948880,2018-10-03 20:00:00
332,25.8941,137.287,300234063948880,2018-10-03 21:00:00
333,25.8863,137.267,300234063948880,2018-10-03 22:00:00
334,25.8792,137.248,300234063948880,2018-10-03 23:00:00
335,25.8721,137.232,300234063948880,2018-10-04 00:00:00
336,25.8646,137.215,300234063948880,2018-10-04 01:00:00
337,25.8603,137.204,300234063948880,2018-10-04 02:00:00
338,25.8509,137.187,300234063948880,2018-10-04 03:00:00
339,25.8449,137.175,300234063948880,2018-10-04 04:00:00
340,25.8387,137.162,300234063948880,2018-10-04 05:03:00
341,,,,2018-10-04 06:00:00
342,25.8226,137.141,300234063948880,2018-10-04 07:01:00
343,25.8161,137.127,300234063948880,2018-10-04 08:00:00
344,25.8111,137.118,300234063948880,2018-10-04 09:00:00
345,25.8036,137.11,300234063948880,2018-10-04 10:00:00
346,25.7971,137.101,300234063948880,2018-10-04 11:00:00
347,25.7899,137.09,300234063948880,2018-10-04 12:00:00
348,25.781,137.081,300234063948880,2018-10-04 13:00:00
349,25.7706,137.072,300234063948880,2018-10-04 14:00:00
350,25.7573,137.061,300234063948880,2018-10-04 15:00:00
351,25.746,137.052,300234063948880,2018-10-04 16:00:00
352,25.7353,137.046,300234063948880,2018-10-04 17:00:00
353,25.7207,137.041,300234063948880,2018-10-04 18:00:00
354,25.7022,137.035,300234063948880,2018-10-04 19:00:00
355,25.6829,137.029,300234063948880,2018-10-04 20:00:00
356,25.6663,137.018,300234063948880,2018-10-04 21:00:00
357,25.6493,137.005,300234063948880,2018-10-04 22:04:00
358,25.6373,136.995,300234063948880,2018-10-04 23:00:00
359,25.627,136.982,300234063948880,2018-10-05 00:00:00
360,25.618,136.97,300234063948880,2018-10-05 01:00:00
361,25.6079,136.959,300234063948880,2018-10-05 02:00:00
362,25.5959,136.951,300234063948880,2018-10-05 03:01:00
363,25.5824,136.939,300234063948880,2018-10-05 04:00:00
364,25.567,136.932,300234063948880,2018-10-05 05:00:00
365,25.5516,136.922,300234063948880,2018-10-05 06:00:00
366,25.5383,136.912,300234063948880,2018-10-05 07:01:00
367,25.5279,136.903,300234063948880,2018-10-05 08:01:00
368,25.5178,136.892,300234063948880,2018-10-05 09:00:00
369,25.5117,136.883,300234063948880,2018-10-05 10:00:00
370,25.5071,136.878,300234063948880,2018-10-05 11:00:00
371,25.5035,136.875,300234063948880,2018-10-05 12:00:00
372,25.4983,136.875,300234063948880,2018-10-05 13:00:00
373,25.493,136.879,300234063948880,2018-10-05 14:01:00
374,25.4869,136.882,300234063948880,2018-10-05 15:00:00
375,25.4773,136.889,300234063948880,2018-10-05 16:00:00
376,25.4623,136.897,300234063948880,2018-10-05 17:00:00
377,25.4412,136.903,300234063948880,2018-10-05 18:01:00
378,25.4195,136.903,300234063948880,2018-10-05 19:00:00
379,25.3986,136.902,300234063948880,2018-10-05 20:00:00
380,25.3768,136.896,300234063948880,2018-10-05 21:00:00
381,25.3575,136.888,300234063948880,2018-10-05 22:00:00
382,25.341,136.881,300234063948880,2018-10-05 23:00:00
383,25.3268,136.873,300234063948880,2018-10-06 00:00:00
384,25.3811,136.851,300234063948880,2018-10-06 01:00:00
385,25.3053,136.861,300234063948880,2018-10-06 02:04:00
386,25.3024,136.848,300234063948880,2018-10-06 03:01:00
387,25.2994,136.841,300234063948880,2018-10-06 04:01:00
388,25.2965,136.836,300234063948880,2018-10-06 05:00:00
389,25.2917,136.831,300234063948880,2018-10-06 06:00:00
390,-90.0,-180.0,300234063948880,2018-10-06 07:04:00
391,25.2837,136.824,300234063948880,2018-10-06 08:01:00
392,,,,2018-10-06 09:00:00
393,25.2863,136.821,300234063948880,2018-10-06 10:00:00
394,25.2871,136.825,300234063948880,2018-10-06 11:00:00
395,25.2836,136.83,300234063948880,2018-10-06 12:00:00
396,25.2819,136.84,300234063948880,2018-10-06 13:00:00
397,25.2773,136.85,300234063948880,2018-10-06 14:02:00
398,25.2708,136.862,300234063948880,2018-10-06 15:00:00
399,25.2639,136.875,300234063948880,2018-10-06 16:00:00
400,25.2513,136.888,300234063948880,2018-10-06 17:00:00
401,25.2401,136.9,300234063948880,2018-10-06 18:00:00
402,25.2253,136.908,300234063948880,2018-10-06 19:00:00
403,25.2121,136.913,300234063948880,2018-10-06 20:00:00
404,25.196,136.916,300234063948880,2018-10-06 21:00:00
405,25.1801,136.917,300234063948880,2018-10-06 22:00:00
406,25.1671,136.917,300234063948880,2018-10-06 23:00:00
407,25.1573,136.916,300234063948880,2018-10-07 00:00:00
408,25.1469,136.914,300234063948880,2018-10-07 01:00:00
409,25.1369,136.912,300234063948880,2018-10-07 02:00:00
410,25.1316,136.911,300234063948880,2018-10-07 03:00:00
411,25.1248,136.91,300234063948880,2018-10-07 04:00:00
412,25.1182,136.909,300234063948880,2018-10-07 05:00:00
413,25.11,136.907,300234063948880,2018-10-07 06:00:00
414,25.1033,136.903,300234063948880,2018-10-07 07:00:00
415,25.098,136.899,300234063948880,2018-10-07 08:00:00
416,25.0975,136.895,300234063948880,2018-10-07 09:04:00
417,25.1021,136.892,300234063948880,2018-10-07 10:00:00
418,25.1115,136.892,300234063948880,2018-10-07 11:00:00
419,25.1228,136.898,300234063948880,2018-10-07 12:00:00
420,25.1314,136.909,300234063948880,2018-10-07 13:00:00
421,25.137,136.924,300234063948880,2018-10-07 14:00:00
422,25.1398,136.941,300234063948880,2018-10-07 15:00:00
423,25.139,136.959,300234063948880,2018-10-07 16:00:00
424,25.1345,136.977,300234063948880,2018-10-07 17:00:00
425,25.1312,136.993,300234063948880,2018-10-07 18:00:00
426,25.1239,137.009,300234063948880,2018-10-07 19:02:00
427,25.1185,137.022,300234063948880,2018-10-07 20:00:00
428,25.1039,137.037,300234063948880,2018-10-07 21:00:00
429,25.0888,137.049,300234063948880,2018-10-07 22:03:00
430,25.0748,137.057,300234063948880,2018-10-07 23:00:00
431,25.065,137.064,300234063948880,2018-10-08 00:00:00
432,25.0587,137.072,300234063948880,2018-10-08 01:00:00
433,25.0528,137.08,300234063948880,2018-10-08 02:00:00
434,25.0455,137.088,300234063948880,2018-10-08 03:00:00
435,25.0366,137.096,300234063948880,2018-10-08 04:00:00
436,25.0312,137.105,300234063948880,2018-10-08 05:00:00
437,25.0253,137.109,300234063948880,2018-10-08 06:00:00
438,25.0203,137.11,300234063948880,2018-10-08 07:00:00
439,25.017,137.108,300234063948880,2018-10-08 08:00:00
440,25.0133,137.108,300234063948880,2018-10-08 09:00:00
441,25.0117,137.109,300234063948880,2018-10-08 10:00:00
442,25.0165,137.111,300234063948880,2018-10-08 11:00:00
443,25.0246,137.119,300234063948880,2018-10-08 12:00:00
444,25.0358,137.129,300234063948880,2018-10-08 13:00:00
445,25.0444,137.143,300234063948880,2018-10-08 14:01:00
446,25.05,137.158,300234063948880,2018-10-08 15:01:00
447,25.0546,137.174,300234063948880,2018-10-08 16:00:00
448,25.0601,137.191,300234063948880,2018-10-08 17:02:00
449,25.0601,137.208,300234063948880,2018-10-08 18:00:00
450,25.0589,137.227,300234063948880,2018-10-08 19:02:00
451,25.0531,137.24,300234063948880,2018-10-08 20:00:00
452,25.0519,137.254,300234063948880,2018-10-08 21:00:00
453,25.045,137.275,300234063948880,2018-10-08 22:00:00
454,25.0405,137.294,300234063948880,2018-10-08 23:00:00
455,25.0331,137.312,300234063948880,2018-10-09 00:00:00
456,25.0239,137.326,300234063948880,2018-10-09 01:00:00
457,25.0145,137.339,300234063948880,2018-10-09 02:00:00
458,25.0105,137.348,300234063948880,2018-10-09 03:00:00
459,25.0091,137.356,300234063948880,2018-10-09 04:00:00
460,25.07,137.403,300234063948880,2018-10-09 05:00:00
461,25.0374,137.331,300234063948880,2018-10-09 06:00:00
462,24.9727,137.232,300234063948880,2018-10-09 07:00:00
463,24.9009,137.138,300234063948880,2018-10-09 08:00:00
464,24.8668,137.022,300234063948880,2018-10-09 09:00:00
465,24.8435,136.899,300234063948880,2018-10-09 10:00:00
466,24.7688,136.809,300234063948880,2018-10-09 11:00:00
467,24.6851,136.734,300234063948880,2018-10-09 12:00:00
468,24.5783,136.71,300234063948880,2018-10-09 13:00:00
469,24.4919,136.669,300234063948880,2018-10-09 14:00:00
470,24.4993,136.549,300234063948880,2018-10-09 15:00:00
471,24.5071,136.506,300234063948880,2018-10-09 16:00:00
472,24.5118,136.502,300234063948880,2018-10-09 17:00:00
473,,,,2018-10-09 18:00:00
474,24.5205,136.504,300234063948880,2018-10-09 19:00:00
475,24.5274,136.508,300234063948880,2018-10-09 20:00:00
476,24.5095,136.561,300234063948880,2018-10-09 21:00:00
477,,,,2018-10-09 22:00:00
478,24.4925,136.699,300234063948880,2018-10-09 23:00:00
479,,,,2018-10-10 00:00:00
